{
    "accuracy": 0.8025,
    "precision": 0.8040201005025126,
    "recall": 0.8,
    "f1_score": 0.8020050125313283,
    "test_loss": 0.4056995862722397
}